"Player","Position","Salary","Length.of.Contract","Age","GS","MP","FG","X3P.","X2P","FT","TRB","AST","STL","BLK","TOV","PF","PTS","PER","TS","USG","ORtg","DRtg","OWS","DWS","WS"
"Blake Griffin","Forward",18668,5,23,80,32.5,0.538,0.179,0.548,0.66,8.3,3.7,1.2,0.6,2.3,2.9,18,22.4,0.572,25.4,114,102,6.8,3.9,10.6
"Chris Paul","Guard",16442,5,27,70,33.4,0.481,0.328,0.538,0.885,3.7,9.7,2.4,0.1,2.3,2,16.9,26.4,0.594,22.6,127,102,10.6,3.4,13.9
"JJ Redick","Guard",10079,4,28,13,30.5,0.434,0.366,0.506,0.9,2.2,3.8,0.5,0.1,1.8,1.5,14.1,14.7,0.571,20.8,111,113,4,0.5,4.5
"DeAndre Jordan","Center",6500,4,22,66,25.6,0.686,0,0.688,0.452,7.2,0.5,0.5,1.8,1.3,3.2,7.1,14.8,0.648,11.7,116,105,2.6,2.6,5.2
"Jamal Crawford","Guard",5000,4,31,6,26.9,0.384,0.308,0.426,0.927,2,3.2,0.9,0.2,1.9,1.2,14,15.7,0.506,26.6,102,109,1.6,0.7,2.3
"Jared Dudley","Forward",4250,5,25,15,26.1,0.477,0.415,0.519,0.743,3.9,1.3,1.1,0.2,0.9,1.7,10.6,15.6,0.598,16.9,119,111,4.2,1.4,5.6
"Matt Barnes","Forward",3250,3,32,4,25.7,0.462,0.342,0.574,0.744,4.6,1.5,1,0.8,1.1,2.9,10.3,15.5,0.566,18.1,113,103,3.5,2.8,6.3
"Darren Collison","Guard",1900,2,25,47,29.3,0.471,0.353,0.498,0.88,2.7,5.1,1.2,0.1,2.1,1.7,12,16.3,0.575,19.6,111,109,4,1.7,5.6
"Willie Green","Guard",1375,3,30,2,17.4,0.471,0.442,0.486,0.857,1.5,0.8,0.4,0.1,0.6,1.4,7.6,13.9,0.578,19.5,110,105,1.4,0.9,2.4
"Byron Mullens","Forward",948,2,23,41,26.9,0.385,0.317,0.425,0.646,6.4,1.5,0.6,0.6,1.4,2.1,10.6,12.3,0.465,21.7,94,110,-0.6,0.7,0.1
"Ryan Hollins","Center",1186,1,28,0,11.1,0.614,0,0.614,0.75,2.3,0.2,0.1,0.6,0.7,2.2,3.4,11.3,0.674,13.6,115,105,1,0.8,1.7
"Antawn Jamison","Forward",1400,1,36,6,21.5,0.464,0.361,0.535,0.691,4.8,0.7,0.4,0.3,0.7,1.6,9.4,15.3,0.561,18.7,114,108,3,1.3,4.3
"Andrew Bogut","Center",10000,5,25,69,32.3,0.52,0,0.521,0.629,10.2,1.8,0.6,2.5,1.9,3.2,15.9,20.7,0.54,23.3,107,98,2.6,4.8,7.5
"David Lee","Center",10800,6,26,81,37.3,0.545,0,0.549,0.812,11.7,3.6,1,0.5,2.3,3.2,20.2,22.2,0.584,23.8,116,108,7.4,2.9,10.3
"Andre Iguodala","Guard",12869,4,29,80,34.7,0.451,0.317,0.515,0.574,5.3,5.4,1.7,0.7,2.6,1.6,13,15.2,0.52,18.8,105,105,2.4,3.2,5.6
"Stephen Curry","Guard",9888,4,24,78,38.2,0.451,0.453,0.449,0.9,4,6.9,1.6,0.2,3.1,2.5,22.9,21.3,0.589,26.4,115,107,8.4,2.8,11.2
"Marreese Speights","Center",3500,3,25,3,16.5,0.445,0.3,0.448,0.771,4.9,0.6,0.3,0.7,1,2.2,8.3,17.3,0.498,25.8,103,104,1.1,1.7,2.8
"Jermaine O'Neal","Center",2000,1,34,4,18.7,0.482,0,0.482,0.835,5.3,0.8,0.3,1.4,1.3,2.3,8.3,16.7,0.538,21.4,103,104,0.7,1.3,2
"Toney Douglas","Guard",1600,1,26,0,18.2,0.403,0.38,0.424,0.905,1.9,2.1,1,0,1.1,2,7.5,13.4,0.531,19.9,106,108,1.4,1,2.4
"Emeka Okafor","Center",9538,6,25,82,33.1,0.535,0,0.535,0.57,10.7,0.9,0.8,1.7,2,2.9,13.8,17.4,0.553,20,106,105,2.2,3.6,5.8
"Caron Butler","Forward",8000,3,29,29,29.9,0.45,0.431,0.454,0.773,4.1,1.6,1,0.3,1.7,2,15,14.2,0.523,25.1,100,106,0.2,1,1.2
"Goran Dragic","Guard",7500,4,25,28,26.5,0.462,0.337,0.525,0.805,2.5,5.3,1.3,0.2,2.4,2.5,11.7,18,0.567,21.8,111,106,3.6,1.5,5.1
"Channing Frye","Center",5200,5,26,41,27,0.451,0.439,0.466,0.81,5.3,1.4,0.8,0.9,0.9,3.2,11.2,15,0.598,16.7,120,108,4.3,2.2,6.4
"Gerald Green","Forward",3500,3,26,2,25.2,0.481,0.391,0.529,0.754,3.5,1.1,0.9,0.5,1.8,2.6,12.9,15.8,0.574,23.6,103,109,0.8,0.4,1.2
"Kobe Bryant","Guard",25244,3,32,82,33.9,0.451,0.323,0.487,0.828,5.1,4.7,1.2,0.1,3,2.1,25.3,23.9,0.548,35.1,111,105,6.8,3.5,10.3
"Pau Gasol","Center",18714,3,30,82,37,0.529,0.333,0.53,0.823,10.2,3.3,0.6,1.6,1.7,2.5,18.8,23.3,0.589,21.8,123,103,10,4.7,14.7
"Steve Nash","Guard",8900,3,37,62,31.6,0.532,0.39,0.58,0.894,3,10.7,0.6,0.1,3.7,0.9,12.5,20.3,0.625,19.6,115,110,5.2,0.6,5.9
"Steve Blake","Guard",4000,4,29,38,27,0.416,0.395,0.443,0.75,2.3,4.8,0.7,0.1,1.6,1.5,7.3,11.6,0.539,14.5,108,111,1.9,1.4,3.3
"Jordan Hill","Center",3500,2,24,8,14.1,0.497,0,0.506,0.638,4.8,0.4,0.4,0.7,0.8,1.8,5,15.8,0.522,17.9,105,101,0.5,0.8,1.4
"Chris Kaman","Center",3183,1,30,52,20.7,0.507,0,0.508,0.788,5.6,0.8,0.4,0.8,1.6,2.1,10.5,16.3,0.529,25.3,98,105,0,1.6,1.6
"Jodie Meeks","Guard",1500,2,24,50,24.9,0.409,0.365,0.468,0.906,2.4,0.8,0.6,0,0.4,1.2,8.4,11.5,0.551,15.2,111,103,2.1,2,4.1
"Nick Young","Guard",1107,2,27,17,23.9,0.413,0.357,0.449,0.82,2.2,1.4,0.6,0.2,0.8,1.4,10.6,13.3,0.525,21.2,105,109,1.4,1,2.3
"Jordan Farmar","Guard",1107,1,25,5,21.3,0.467,0.44,0.484,0.905,1.6,3.3,0.6,0.1,1.7,1.3,10.4,17.4,0.592,22.6,111,113,1.8,0,1.8
"Wesley Johnson","Forward",916,1,25,21,19.1,0.407,0.323,0.461,0.771,2.5,0.7,0.4,0.4,1,1.1,8,10.3,0.485,21.4,93,110,-0.5,0.5,0
"Shawne Williams","Forward",1107,1,25,6,20.6,0.286,0.241,0.35,0.727,2.7,0.6,0.4,0.4,0.5,1.8,4.5,4.9,0.372,14.7,84,112,-0.5,0.1,-0.4
"Robert Sacre","Center",789,3,23,3,6.3,0.375,0,0.375,0.636,1.1,0.2,0,0.3,0.3,1.2,1.3,3.4,0.407,13.8,83,108,-0.2,0.1,-0.1
"Marcus Thornton","Guard",7000,4,23,23,24.3,0.434,0.367,0.462,0.788,3.5,1.8,0.9,0.1,1.3,1.5,12.8,17.4,0.544,23.4,111,112,3.7,0.1,3.8
"John Salmons","Guard",8000,5,30,56,34.9,0.441,0.382,0.468,0.83,3.3,2.8,1.2,0.3,1.5,2,15.4,14.7,0.553,19.9,110,106,3.7,3.4,7.1
"Carl Landry","Forward",6500,4,29,2,23.2,0.54,0.333,0.541,0.817,6,0.8,0.4,0.4,1.4,2.3,10.8,17.5,0.605,20,116,106,4.3,1.9,6.2
"Chuck Hayes","Center",5250,4,27,63,28.1,0.527,0,0.529,0.662,8.1,2.7,1.1,0.7,1.2,2.7,7.9,16.2,0.554,13,120,106,3.9,2.4,6.3
"Jason Thompson","Forward",5250,5,25,47,25.9,0.535,0,0.537,0.602,6.9,1.2,0.7,0.7,1.1,2.3,9.1,16.4,0.558,15.5,115,109,3.1,0.8,3.9
"Travis Outlaw","Forward",3000,4,26,55,28.8,0.375,0.302,0.413,0.772,4,1,0.4,0.4,0.9,1.8,9.2,8.8,0.469,17.3,97,112,-0.4,1.2,0.8
"Hamady N'Diaye","Center",884,1,24,0,5,0.8,0,0.8,0.5,0.4,0,0.1,0.3,0.2,1.1,0.9,5.3,0.681,7.3,107,111,0,0,0.1
"LaMarcus Aldridge","Forward",10744,5,24,78,37.5,0.495,0.313,0.498,0.757,8,2.1,0.9,0.6,1.3,3,17.9,18.2,0.535,22.9,113,107,5.5,3.3,8.8
"Nicolas Batum","Forward",10450,4,23,34,30.4,0.451,0.391,0.496,0.836,4.6,1.4,1,1,1.5,1.8,13.9,17.3,0.575,20.5,112,107,3.3,1.4,4.8
"Wesley Matthews","Guard",4627,5,23,48,24.7,0.483,0.382,0.525,0.829,2.3,1.5,0.8,0.2,1.1,1.9,9.4,12.3,0.592,16.5,113,108,2.6,1.9,4.6
"Robin Lopez","Center",4899,3,23,0,14,0.461,0,0.461,0.714,3.3,0.3,0.3,0.9,0.7,2,5.4,15.2,0.526,18.9,108,105,1.2,0.9,2.1
"Dorell Wright","Forward",3000,2,27,8,22.6,0.396,0.374,0.429,0.851,3.8,1.9,0.8,0.4,0.8,1.2,9.2,16,0.551,18.7,112,105,2.8,2.1,4.9
"Mo Williams","Guard",2652,2,30,46,30.8,0.43,0.383,0.449,0.882,2.4,6.2,1,0.2,2.7,2.3,12.9,14.4,0.519,22.3,103,111,1.2,0.7,1.8
"Earl Watson","Guard",1400,1,33,4,17.3,0.308,0.179,0.348,0.68,1.8,4,0.8,0.2,1.4,2,2,7.7,0.366,11,88,108,-0.6,0.7,0
"Kevin Durant","Forward",15507,5,22,78,38.9,0.462,0.35,0.504,0.88,6.8,2.7,1.1,1,2.8,2,27.7,23.6,0.589,30.6,115,107,8.6,3.3,12
"Russell Westbrook","Guard",13689,5,23,66,35.3,0.457,0.316,0.482,0.823,4.6,5.5,1.7,0.3,3.6,2.2,23.6,22.9,0.538,32.7,108,105,5.5,2.4,7.9
"Serge Ibaka","Forward",12350,4,23,80,31.1,0.573,0.351,0.591,0.749,7.7,0.5,0.4,3,1.6,2.7,13.2,19.4,0.612,18.1,117,101,5.3,4.1,9.4
"Kendrick Perkins","Center",6697,5,25,78,27.6,0.602,0,0.605,0.582,7.6,1,0.3,1.7,2.1,2.8,10.1,15,0.613,17.6,105,101,1.4,3.8,5.2
"Thabo Sefolosha","Guard",3250,4,25,82,28.6,0.44,0.313,0.494,0.674,4.7,1.8,1.2,0.6,1.1,1.9,6,9.8,0.509,10.9,103,104,0.6,3.4,4
"Nick Collison","Forward",3273,4,30,0,20.7,0.597,0,0.6,0.71,4.3,1.3,0.5,0.4,1,2.4,4.5,12.1,0.622,10,121,105,2.3,1.2,3.5
"Hasheem Thabeet","Center",1200,3,24,3,7,0.524,0,0.524,0.65,2.1,0,0.1,0.5,0.4,1,1.8,12.4,0.587,12.4,109,104,0.1,0.2,0.3
"Derek Fisher","Guard",1400,1,38,9,17.4,0.342,0.375,0.309,0.921,1.1,1.4,0.6,0.1,0.9,1.7,5.3,7.7,0.492,16.4,97,108,0,0.4,0.4
"Ryan Gomes","Forward",1186,1,29,2,13.3,0.326,0.138,0.409,0.727,1.9,0.4,0.5,0,0.5,1.1,2.3,4.4,0.371,12.5,81,107,-0.5,0.3,-0.2
"Ty Lawson","Guard",10787,4,25,71,34.4,0.461,0.366,0.491,0.756,2.7,6.9,1.5,0.1,2.5,1.8,16.7,17.9,0.549,22.3,113,109,5.6,1.8,7.4
"JaVale McGee","Center",10000,4,24,45,25.2,0.556,0,0.556,0.461,7.8,0.5,0.6,2.2,1.4,2.7,11.3,19.9,0.552,20.7,106,101,1.9,2.2,4.1
"Danilo Gallinari","Forward",9439,4,23,40,31.4,0.414,0.328,0.47,0.871,4.7,2.7,1,0.5,1.6,2,14.6,16.5,0.563,20.7,114,107,2.9,1,3.9
"Wilson Chandler","Forward",5517,5,23,49,33.3,0.45,0.35,0.501,0.807,5.7,1.7,0.7,1.3,1.4,2.8,15.3,14.6,0.537,20.9,106,109,2.1,1.9,3.9
"JJ Hickson","Center",5150,3,24,80,29,0.562,0,0.563,0.679,10.4,1.1,0.6,0.6,1.8,2,12.7,19.7,0.591,19.9,113,106,4.6,2.3,6.9
"Andre Miller","Guard",5000,3,35,7,27.4,0.438,0.217,0.478,0.811,3.3,6.7,1,0.1,2.7,2,9.7,14.8,0.51,19.8,104,108,1.9,1,2.9
"Timofey Mozgov","Center",4400,2,26,1,8.9,0.506,0,0.518,0.769,2.6,0.2,0.1,0.4,0.6,1.4,2.6,12.3,0.549,14.6,107,105,0.3,0.4,0.7
"Darrell Arthur","Forward",3006,2,22,9,20.1,0.497,0,0.502,0.813,4.3,0.7,0.7,0.8,1.1,2.9,9.1,15.7,0.534,21.6,106,104,1.5,2.2,3.8
"Randy Foye","Guard",3000,3,29,72,27.4,0.397,0.41,0.378,0.819,1.5,2,0.8,0.3,1.1,2.3,10.8,11.7,0.55,18.1,110,111,2.8,0.9,3.7
"Nate Robinson","Guard",2016,2,28,23,25.4,0.433,0.405,0.45,0.799,2.2,4.4,1,0.1,1.8,2.5,13.1,17.4,0.54,25.1,108,105,3.5,2.4,5.9
"Anthony Randolph","Forward",1675,3,22,5,15.2,0.47,0,0.472,0.762,3.6,0.6,0.4,1,1.2,1.6,7.4,17.6,0.532,23.8,102,103,0.5,0.6,1.1
"Kevin Love","Forward",13669,4,23,55,39,0.448,0.372,0.475,0.824,13.3,2,0.9,0.5,2.3,2.8,26,25.4,0.568,28.8,117,104,7.6,2.3,10
"Nikola Pekovic","Center",12100,5,27,62,31.6,0.52,0,0.52,0.744,8.8,0.9,0.7,0.8,1.6,2.3,16.3,20.2,0.572,22.5,115,106,4.6,2.1,6.7
"Kevin Martin","Guard",6550,4,29,0,27.7,0.45,0.426,0.472,0.89,2.3,1.4,0.9,0.1,1.3,1.8,14,16,0.608,21,117,107,5,2,7
"Chase Budinger","Forward",5000,3,24,1,22.1,0.414,0.321,0.482,0.762,3.1,1.1,0.6,0.3,1,1.3,9.4,12.6,0.516,20.5,102,107,0.3,0.4,0.7
"JJ Barea","Guard",4300,4,26,2,20.6,0.439,0.349,0.476,0.847,2,3.9,0.4,0,1.7,1.7,9.5,14.8,0.535,23.9,106,109,1.9,1.4,3.2
"Luc Richard Mbah a Moute","Forward",4574,4,24,52,26.5,0.463,0,0.47,0.707,5.3,0.9,0.9,0.4,1,2.3,6.7,11.5,0.518,13.1,107,103,1.5,3.3,4.8
"Corey Brewer","Forward",4500,3,26,2,24.4,0.425,0.296,0.493,0.69,2.9,1.5,1.4,0.3,1.2,1.9,12.1,14.7,0.506,23.4,104,105,1.7,2.2,3.9
"Dante Cunningham","Forward",2000,3,23,18,21,0.462,0.077,0.473,0.726,3.6,0.6,0.7,0.6,0.7,2.3,6.2,10.7,0.483,15.7,101,107,0.3,1.7,2
"Ronny Turiaf","Center",1500,2,30,0,10.8,0.505,0,0.505,0.365,2.3,0.5,0.3,0.5,0.4,1.2,1.9,9.4,0.485,10,99,103,0.1,1,1.1
"AJ Price","Guard",948,1,26,22,22.4,0.39,0.35,0.427,0.79,2,3.6,0.6,0.1,1.1,1.3,7.7,12.4,0.501,18,105,107,1,1.2,2.2
"Richard Jefferson","Forward",8400,4,29,70,31.1,0.467,0.316,0.515,0.735,4.4,2,0.6,0.5,1.3,2.2,12.3,13.1,0.551,18.3,110,106,3,3,6
"Andris Biedrins","Center",9000,6,21,59,27.3,0.626,0,0.626,0.62,9.8,1,0.7,1.2,1.1,3.4,10.5,19.2,0.637,14.4,127,106,5.4,2.6,8
"Marvin Williams","Forward",7500,5,22,59,34.3,0.458,0.355,0.493,0.806,6.3,1.3,0.9,0.6,1.1,2.1,13.9,16,0.569,18.2,117,108,3.9,2.2,6.1
"Brandon Rush","Forward",4000,2,26,1,26.4,0.501,0.452,0.544,0.793,3.9,1.4,0.5,0.9,1,1,9.8,15.2,0.628,15.4,115,110,2.9,0.6,3.5
"Jeremy Evans","Forward",1795,3,24,0,7.5,0.643,0,0.659,0.5,1.7,0.4,0.2,0.8,0.2,0.8,2.1,19.6,0.632,11.2,131,101,0.6,0.3,0.9
"John Lucas","Guard",1600,1,30,0,13.1,0.386,0.377,0.393,0.72,1,1.7,0.4,0,0.4,0.8,5.3,12.8,0.483,20.8,104,111,0.7,0.3,1.1
"Mike Harris","Forward",916,1,27,0,4,0.5,0,0.5,0.5,1.3,0.3,0,0.3,0.3,0.5,2,17.9,0.515,24.2,107,108,0,0,0
"Roy Hibbert","Center",13669,4,25,65,29.8,0.497,0,0.498,0.711,8.8,1.7,0.5,2,2,3,12.8,19.3,0.539,21.1,109,101,3.2,3,6.2
"Danny Granger","Forward",9931,5,25,66,36.2,0.447,0.404,0.47,0.878,5.1,2.7,1,1.4,2.5,3.1,25.8,21.8,0.584,29.6,114,109,5.6,2.4,8
"David West","Forward",12000,3,32,73,33.4,0.498,0.211,0.503,0.768,7.7,2.9,1,0.9,2.2,2,17.1,20.1,0.545,24.4,110,99,4.4,4.7,9.1
"George Hill","Guard",8000,5,25,9,25.5,0.442,0.367,0.489,0.778,3,2.9,0.8,0.3,1,2,9.6,15.7,0.557,17.2,117,105,2.8,1.3,4
"Luis Scola","Forward",4149,3,31,66,31.3,0.491,0,0.493,0.773,6.5,2.1,0.5,0.4,2.3,3.2,15.5,15.4,0.526,24.8,102,107,1.8,1.6,3.4
"Ian Mahinmi","Center",4000,4,25,12,18.7,0.546,0,0.549,0.639,4.7,0.2,0.6,0.5,0.8,2.9,5.8,13.5,0.585,14.4,113,101,1.7,1.7,3.4
"Chris Copeland","Forward",3000,2,28,13,15.4,0.479,0.421,0.513,0.759,2.1,0.5,0.3,0.2,0.9,1.9,8.7,16.8,0.583,25.3,110,109,1.5,0.6,2.1
"CJ Watson","Guard",2016,2,28,8,19,0.418,0.411,0.424,0.78,1.8,2,0.8,0.2,0.9,1.5,6.8,13.9,0.544,17.2,113,107,2.5,1.3,3.8
"Donald Sloan","Guard",884,2,25,0,11.4,0.346,0.368,0.339,0.8,1.2,1.7,0.2,0,0.6,0.7,3.5,9.6,0.455,17.5,99,113,0,0,0.1
"Josh Smith","Forward",13500,4,27,76,35.3,0.465,0.303,0.498,0.517,8.4,4.2,1.2,1.8,3,2.3,17.5,17.7,0.501,26.7,97,101,-0.3,4.5,4.2
"Charlie Villanueva","Forward",6500,5,24,47,26.9,0.447,0.345,0.479,0.838,6.7,1.8,0.6,0.7,1.8,3.3,16.2,18.6,0.529,28.5,106,106,2.2,2.7,4.9
"Rodney Stuckey","Guard",8500,3,24,54,31.2,0.439,0.289,0.457,0.866,3.1,5.2,1.1,0.1,2.2,2.5,15.5,18.4,0.544,24.5,112,114,4.4,0.6,5
"Brandon Jennings","Guard",7656,3,22,66,35.3,0.418,0.332,0.464,0.808,3.4,5.5,1.6,0.3,2.2,1.7,19.1,18.4,0.514,25.9,106,107,3.8,1.8,5.5
"Jonas Jerebko","Forward",4500,4,22,73,27.9,0.481,0.313,0.52,0.71,6,0.7,1,0.4,1,2.9,9.3,13.9,0.545,15.7,113,111,2.9,1.5,4.4
"Will Bynum","Guard",2790,2,30,0,18.8,0.469,0.316,0.494,0.809,1.5,3.6,0.7,0.1,1.9,2,9.8,16.6,0.532,27,103,111,1.2,0.5,1.7
"Chauncey Billups","Guard",2500,1,36,22,19,0.402,0.367,0.476,0.938,1.5,2.2,0.5,0,1.2,1.1,8.4,15,0.601,19.6,117,108,1,0.3,1.3
"Josh Harrellson","Center",884,2,23,0,5.2,0.444,0.2,0.75,0.5,1.2,0,0.2,0.2,0.5,0.7,1.7,8.5,0.506,19.9,87,104,0,0,0
"Derrick Rose","Guard",16403,5,23,39,35.3,0.435,0.312,0.475,0.812,3.4,7.9,0.9,0.7,3.1,1.3,21.8,23,0.532,30.5,112,101,4.1,2,6
"Carlos Boozer","Forward",14400,5,28,78,34.3,0.562,0,0.562,0.742,11.2,3.2,1.1,0.5,2.7,3.5,19.5,19.7,0.549,23.8,108,95,3.3,4.3,7.6
"Luol Deng","Forward",9385,6,22,59,33.8,0.479,0.364,0.482,0.77,6.3,2.5,0.9,0.5,1.9,1.9,17,17,0.528,23.6,107,109,2.4,1.9,4.4
"Joakim Noah","Center",9659,5,25,48,32.8,0.525,0,0.526,0.739,10.4,2.2,1,1.5,1.9,3.3,11.7,18.8,0.579,16.8,117,97,3.1,3.6,6.7
"Taj Gibson","Forward",7550,4,27,5,22.4,0.485,0,0.49,0.679,5.3,0.9,0.4,1.4,1.2,2.6,8,14.4,0.518,18.1,104,101,1,2.3,3.3
"Kirk Hinrich","Guard",3941,2,31,31,25.8,0.414,0.346,0.472,0.781,2.1,2.8,0.8,0.2,1.2,2.1,6.6,9.2,0.511,13.9,100,104,0.4,1.4,1.8
"Mike Dunleavy","Forward",3183,2,32,3,25.9,0.442,0.428,0.455,0.82,3.9,1.9,0.5,0.5,1.2,1.8,10.5,13.6,0.577,17.3,111,107,2.7,1.7,4.4
"Nazr Mohammed","Center",1400,1,35,12,11,0.367,0,0.371,0.723,3.1,0.4,0.3,0.5,0.4,1.5,2.6,10.8,0.414,14.9,97,100,0,1.2,1.2
"Richard Hamilton","Guard",333,3,34,45,21.8,0.429,0.308,0.444,0.857,1.7,2.4,0.5,0.1,1.7,1.9,9.8,13.2,0.5,24.5,101,104,0.5,0.8,1.3
"Andrew Bynum","Guard",12250,2,24,60,35.2,0.558,0.2,0.56,0.692,11.8,1.4,0.5,1.9,2.5,1.7,18.7,22.9,0.594,23.8,112,100,4.8,3.3,8
"Anderson Varejao","Forward",6300,6,26,42,28.5,0.536,0,0.538,0.616,7.2,1,0.9,0.8,1,3,8.6,14.6,0.565,14.2,116,100,3.3,4.7,8
"Jarrett Jack","Guard",6300,4,29,4,29.7,0.452,0.404,0.466,0.843,3.1,5.6,0.8,0.1,2,1.7,12.9,15.9,0.542,21,110,108,3.9,1.8,5.6
"Earl Clark","Forward",4250,2,25,36,23.1,0.44,0.337,0.479,0.697,5.5,1.1,0.6,0.7,1.1,1.7,7.3,12.4,0.51,15.7,103,105,0.7,1.5,2.3
"Alonzo Gee","Guard",3500,3,24,31,29,0.412,0.321,0.442,0.788,5.1,1.8,1.3,0.3,1.8,2.4,10.6,10.5,0.505,16.9,99,110,0.5,1.5,1.9
"CJ Miles","Guard",2225,2,24,14,20.4,0.381,0.307,0.416,0.794,2.1,1.2,0.8,0.3,0.9,2.2,9.1,12.4,0.484,22.7,101,108,0.7,0.8,1.5
"OJ Mayo","Guard",8000,3,25,82,35.5,0.449,0.407,0.471,0.82,3.5,4.4,1.1,0.3,2.6,2.4,15.3,13.9,0.556,20.9,104,109,2.3,1.8,4.2
"Ersan Ilyasova","Forward",7900,5,24,41,27.6,0.492,0.455,0.501,0.781,8.8,1.2,0.7,0.7,1.3,2.2,13,20.5,0.577,20.1,118,103,4.4,2,6.4
"Zaza Pachulia","Center",5200,3,28,15,21.8,0.473,0,0.479,0.757,6.5,1.5,0.7,0.2,1.3,2.5,5.9,13.1,0.534,14.6,108,104,1.2,1.5,2.7
"Luke Ridnour","Guard",4000,4,28,0,21.5,0.478,0.381,0.513,0.907,1.7,4,0.7,0.1,1.3,2.2,10.4,17.7,0.57,22,116,106,4,2.2,6.2
"Gary Neal","Guard",3250,2,28,17,21.8,0.412,0.355,0.454,0.865,2.1,1.9,0.4,0,1,1.4,9.5,11.5,0.512,21.7,99,106,0.4,1.5,1.9
"Carlos Delfino","Forward",3250,2,30,5,25.2,0.405,0.375,0.467,0.857,3.3,2,1,0.1,1.1,1.7,10.6,13.3,0.549,18.6,109,107,2,1.5,3.5
"Ishmael Smith","Guard",910,3,23,1,9,0.383,0.333,0.389,0.7,1.3,1.6,0.6,0.1,0.5,0.6,2.8,14.1,0.422,19.6,96,103,0,0.3,0.3
"Khris Middleton","Guard",474,3,21,0,17.6,0.44,0.311,0.5,0.844,1.9,1,0.6,0.1,0.4,2,6.1,11.4,0.532,15.9,111,110,0.6,0.3,0.9
"Chris Bosh","Center",14500,6,25,70,36.1,0.518,0.364,0.521,0.797,10.8,2.4,0.6,1,2.4,2.4,24,25,0.592,28.7,117,111,7.9,1.7,9.6
"LeBron James","Forward",14500,6,25,76,39,0.503,0.333,0.56,0.767,7.3,8.6,1.6,1,3.4,1.6,29.7,31.1,0.604,33.5,121,102,13.3,5.2,18.5
"Dwyane Wade","Guard",14000,6,28,77,36.3,0.476,0.3,0.509,0.761,4.8,6.5,1.8,1.1,3.3,2.4,26.6,28,0.562,34.9,113,103,8.5,4.6,13
"Udonis Haslem","Forward",4340,5,29,0,27.9,0.494,0,0.494,0.762,8.1,0.7,0.4,0.3,1,2.2,9.9,14.6,0.538,17.1,111,104,2.8,3.2,6
"Mario Chalmers","Guard",4000,3,24,28,22.6,0.399,0.359,0.459,0.871,2.1,2.5,1.1,0.1,1.3,2.3,6.4,13,0.578,17.4,104,101,1.5,2.8,4.3
"Joel Anthony","Center",3300,5,27,16,16.5,0.478,0,0.478,0.717,3.1,0.2,0.3,1.4,0.6,2,2.7,10.2,0.546,8.7,112,103,1,2,3.1
"Shane Battier","Forward",3000,3,32,59,29,0.45,0.382,0.525,0.688,4.5,2.3,0.8,1,1,1.9,7.6,12.3,0.567,11.7,115,108,2.9,2.2,5.1
"Ray Allen","Guard",3090,2,36,42,34,0.458,0.453,0.463,0.915,3.1,2.4,1.1,0.2,1.5,1.8,14.2,14.8,0.607,18.6,111,101,2.5,2.2,4.7
"Rashard Lewis","Forward",1352,2,32,15,26,0.385,0.239,0.448,0.838,3.9,1,0.8,0.4,1.1,1.8,7.8,9.3,0.457,16.5,94,108,-0.2,0.4,0.3
"Chris Andersen","Center",1400,2,34,0,14.9,0.577,0.667,0.575,0.677,4.1,0.4,0.4,1,0.6,2.1,4.9,17.4,0.631,14.4,125,100,1.6,1.1,2.7
"Greg Oden","Center",1027,1,22,21,23.9,0.605,0,0.605,0.766,8.5,0.9,0.4,2.3,1.9,4,11.1,23.1,0.647,20.7,118,100,1.3,1,2.2
"Michael Beasley","Forward",1027,1,24,20,20.7,0.405,0.313,0.426,0.746,3.8,1.5,0.4,0.5,1.9,1.4,10.1,10.8,0.462,27.6,87,109,-2.5,1,-1.5
"Jarvis Varnado","Forward",474,1,24,0,4.5,0.429,0,0.429,0.5,0.7,0.2,0.1,0.2,0.5,0.8,0.6,1.2,0.457,12.1,68,105,-0.1,0.1,-0.1
"Al Horford","Center",9659,4,24,77,35.1,0.557,0.5,0.557,0.798,9.3,3.5,0.8,1,1.5,2.5,15.3,20.7,0.587,19.7,118,105,6.4,3.7,10.1
"Paul Millsap","Forward",9500,2,27,78,30.4,0.49,0.333,0.498,0.742,7.1,2.6,1.3,1,1.8,3,14.6,19.8,0.55,22.4,112,104,4.8,2.9,7.6
"Jeff Teague","Guard",8000,4,24,78,32.9,0.451,0.359,0.482,0.881,2.3,7.2,1.5,0.4,2.9,2.3,14.6,16.8,0.543,23,106,106,3.5,2.6,6.1
"Kyle Korver","Forward",6761,4,30,7,22.6,0.432,0.435,0.426,0.833,2.4,1.7,0.6,0.2,0.8,1.7,8.1,13.6,0.6,15.3,120,101,3.1,2.1,5.3
"Louis Williams","Guard",5000,3,25,0,26.3,0.407,0.362,0.425,0.812,2.4,3.5,0.8,0.3,1.1,1.4,14.9,20.2,0.525,27.4,110,102,3.9,2.2,6.1
"Elton Brand","Center",4000,1,33,18,21.2,0.473,0,0.474,0.71,6,1,0.7,1.3,0.8,2.7,7.2,15.2,0.499,17.2,105,102,1.2,2.2,3.4
"DeMarre Carroll","Forward",2558,2,26,12,16.8,0.46,0.286,0.508,0.765,2.8,0.9,0.9,0.4,0.5,1.8,6,15.5,0.535,16.4,115,106,2,1.1,3.1
"Jeremy Tyler","Center",884,2,20,23,13.5,0.421,0,0.423,0.558,3.3,0.4,0.4,0.5,0.9,2,4.9,10.4,0.442,21.8,89,108,-0.5,0.4,-0.2
"Al Jefferson","Center",13500,3,28,78,33.1,0.494,0.118,0.5,0.77,9.2,2.1,1,1.1,1.3,2.2,17.8,20.9,0.522,25.3,109,104,4.3,3.3,7.7
"Ben Gordon","Guard",10000,5,25,76,36.6,0.455,0.41,0.476,0.864,3.5,3.4,0.9,0.3,2.4,2.2,20.7,17,0.573,25,112,112,5.2,1.7,6.9
"Gerald Henderson","Guard",6000,3,25,58,31.4,0.447,0.33,0.462,0.824,3.7,2.6,1,0.5,1.6,2.2,15.5,16.4,0.531,23.5,107,113,2.9,0.3,3.3
"Ramon Sessions","Guard",5000,2,25,23,26.7,0.428,0.443,0.425,0.782,3.3,5.5,0.7,0,2.2,1.6,11.3,16.7,0.535,21.6,108,109,2.9,0.8,3.7
"Josh McRoberts","Forward",2652,2,25,22,22.2,0.455,0.286,0.51,0.765,4.9,2.1,0.5,0.4,1,2,6,12.7,0.527,13.7,109,110,1.5,0.7,2.2
"Brendan Haywood","Center",2050,4,32,54,21.2,0.518,0,0.518,0.469,6,0.4,0.4,1,0.9,2.2,5.2,12.9,0.52,12.8,107,101,1.1,1.6,2.7
"Jannero Pargo","Guard",1400,1,33,0,15.8,0.368,0.336,0.406,0.923,1.1,2.1,0.6,0.1,1.3,1.3,6.5,10.3,0.475,23.3,92,111,-0.4,0.2,-0.2
"Anthony Tolliver","Forward",1027,1,27,11,15.5,0.38,0.338,0.446,0.863,2.5,0.5,0.2,0.2,0.6,1.1,4.1,8.4,0.531,13.2,102,107,0.3,0.9,1.2
"Jeff Adrien","Forward",653,2,24,0,8.5,0.426,0,0.426,0.579,2.5,0.4,0.2,0.2,0.4,1.2,2.5,11.3,0.457,16.1,102,110,0.1,0.1,0.2
"Nene","Center",13000,5,28,75,30.5,0.615,0.2,0.618,0.711,7.6,2,1.1,1,1.8,3.2,14.5,20.4,0.657,18.8,123,104,6.4,3.1,9.6
"Trevor Ariza","Forward",5854,5,23,20,24.4,0.46,0.319,0.526,0.71,4.3,1.8,1.7,0.3,1.1,2,8.9,15.5,0.544,16.6,112,102,2.5,3.5,6.1
"Martell Webster","Forward",5150,4,26,62,28.9,0.442,0.422,0.463,0.848,3.9,1.9,0.6,0.2,1.2,2.2,11.4,13.9,0.601,16.9,115,106,3.9,2.4,6.3
"Eric Maynor","Guard",2016,2,25,0,15,0.377,0.354,0.389,0.726,0.7,2.8,0.3,0,1.2,0.9,4.5,9.3,0.472,18.4,96,112,-0.1,0.3,0.2
"Al Harrington","Center",1400,1,32,0,11.9,0.351,0.267,0.444,0.75,2.7,1,0.4,0.1,0.7,1.8,5.1,10.3,0.434,25.1,90,107,-0.1,0.1,0
"Garrett Temple","Guard",916,1,26,36,22.7,0.407,0.325,0.444,0.703,2.4,2.3,1,0.3,1.2,1.8,5.1,8.8,0.478,13.2,94,104,-0.3,1.5,1.2
"Hedo Turkoglu","Forward",9000,5,29,77,36.6,0.413,0.356,0.445,0.807,5.3,4.9,0.8,0.2,2.6,2.8,16.8,14.8,0.541,23,107,104,3,4.4,7.3
"Jameer Nelson","Guard",8600,3,29,57,29.9,0.427,0.377,0.459,0.807,3.2,5.7,0.7,0.1,2.4,2.3,11.9,14.6,0.524,21.4,106,107,2.3,1.2,3.5
"Arron Afflalo","Guard",5886,5,25,69,33.7,0.498,0.423,0.546,0.847,3.6,2.4,0.5,0.4,1,2.2,12.6,13.6,0.62,14.8,123,111,4.8,1.4,6.2
"Glen Davis","Center",5071,4,25,13,29.5,0.448,0.133,0.454,0.736,5.4,1.2,1,0.4,1.1,3,11.7,12.8,0.499,20.9,101,100,0.6,4.3,4.9
"Jason Maxiell","Forward",2500,2,29,71,24.8,0.446,0,0.446,0.621,5.7,0.8,0.4,1.3,1.1,2.4,6.9,11.3,0.478,15.3,98,107,0.1,1.7,1.8
"Ronnie Price","Guard",1266,2,29,0,13.1,0.325,0.256,0.358,0.708,1.1,1.9,0.7,0.1,0.9,1.6,2.7,6.8,0.402,14.8,88,109,-0.5,0.3,-0.2
"Kris Humphries","Forward",12000,2,26,62,34.9,0.481,0,0.481,0.752,11,1.5,0.8,1.2,1.9,2.8,13.8,17.9,0.539,19.3,110,106,3.6,1.7,5.3
"Rajon Rondo","Guard",11955,2,26,38,37.4,0.484,0.24,0.513,0.645,5.6,11.1,1.8,0.2,3.9,2.5,13.7,18.1,0.516,21.7,103,103,1.2,2,3.2
"Gerald Wallace","Forward",9682,4,29,58,35.8,0.454,0.307,0.5,0.8,6.7,2.8,1.5,0.6,1.9,2.5,13.8,15.9,0.547,18.6,109,106,3,1.8,4.8
"Jeff Green","Forward",8100,4,24,51,32.4,0.449,0.303,0.499,0.811,4.8,1.4,0.7,0.5,1.3,2.8,13.3,12.9,0.553,19.8,106,102,0.5,1,1.5
"Brandon Bass","Forward",6000,3,26,39,31.7,0.479,0,0.479,0.81,6.2,0.9,0.6,0.9,1.1,2.3,12.5,14.1,0.524,19.8,103,99,1.5,3.2,4.7
"Courtney Lee","Guard",5000,4,26,26,30.3,0.433,0.401,0.452,0.826,2.7,1.5,1.2,0.4,1.1,1.8,11.4,12.6,0.534,17.6,106,107,1.8,1.4,3.2
"Keith Bogans","Guard",5058,3,32,23,19,0.38,0.343,0.615,0.647,1.6,1,0.4,0.1,0.7,1.5,4.2,6.7,0.533,11.2,105,110,0.7,0.7,1.4
"Rudy Gay","Forward",17889,5,23,80,39.7,0.466,0.327,0.492,0.753,5.9,1.9,1.5,0.8,2.1,2.5,19.6,16.2,0.535,22.5,109,110,4,2.4,6.4
"DeMar DeRozan","Guard",9500,4,23,82,36.7,0.445,0.283,0.463,0.831,3.9,2.5,0.9,0.3,1.8,2.1,18.1,14.7,0.523,24.2,105,110,3.1,1.6,4.7
"Amir Johnson","Forward",5000,5,22,5,17.7,0.623,0,0.63,0.638,4.8,0.6,0.5,0.8,0.8,3.1,6.2,16.7,0.639,14.5,124,110,3.4,1.1,4.5
"Landry Fields","Forward",6250,3,23,62,28.7,0.46,0.256,0.523,0.562,4.2,2.6,1.2,0.3,1.5,1.5,8.8,12,0.506,16,100,102,0.8,2.6,3.4
"Kyle Lowry","Guard",5750,4,23,0,24.3,0.397,0.272,0.448,0.827,3.6,4.5,0.9,0.1,1.7,2.5,9.1,15.5,0.536,18.6,113,109,2.9,1.4,4.3
"Marcus Camby","Forward",2763,2,38,4,10.4,0.321,0,0.321,0.421,3.3,0.6,0.3,0.6,0.6,1.2,1.8,8.6,0.342,14.3,82,101,-0.4,0.4,0
"Steve Novak","Forward",4054,4,28,0,18.9,0.478,0.472,0.509,0.846,1.9,0.2,0.3,0.2,0.4,1.1,8.8,15.9,0.684,16.2,129,105,2.9,0.9,3.9
"Tyler Hansbrough","Forward",3183,2,27,8,16.9,0.432,0,0.436,0.72,4.6,0.4,0.4,0.2,1,1.9,7,15.3,0.527,20.6,110,101,2.1,2.2,4.4
"Aaron Gray","Center",2575,2,27,40,16.6,0.516,0,0.516,0.532,5.7,0.6,0.4,0.3,1,2.6,3.9,11.1,0.526,13.5,98,100,0.1,1.3,1.4
"Quentin Richardson","Forward",4347,3,32,0,29,0.091,0.25,0,1,10,1,0,0,2,1,5,0.7,0.21,22.4,67,110,-0.1,0,-0.1
"DJ Augustin","Guard",1267,1,25,5,16.1,0.35,0.353,0.346,0.838,1.2,2.2,0.4,0,0.9,0.8,4.7,11,0.527,15.1,109,104,1.4,1.5,2.8
"Austin Daye","Forward",948,1,24,0,12.3,0.433,0.418,0.445,0.765,2.2,0.8,0.3,0.4,0.5,1.5,4.5,12.9,0.554,17.1,109,104,0.8,0.9,1.6
"Thaddeus Young","Forward",7478,5,22,1,26,0.541,0.273,0.548,0.707,5.3,1,1.1,0.3,1.2,2.1,12.7,18.4,0.566,22.1,110,104,3.2,3,6.2
"Spencer Hawes","Center",6500,2,23,29,24.9,0.489,0.25,0.498,0.727,7.3,2.6,0.4,1.3,1.5,2.7,9.6,18.1,0.517,20.3,105,97,1.1,1.9,2.9
"Jason Richardson","Guard",5395,4,30,80,33.9,0.447,0.395,0.49,0.73,4.1,1.8,1.2,0.2,1.2,2,15.6,15,0.555,20.6,110,106,3.6,3.3,6.9
"Lavoy Allen","Forward",3000,2,22,15,15.2,0.473,0,0.473,0.786,4.2,0.8,0.3,0.4,0.5,1.8,4.1,12.7,0.488,14.5,104,98,0.4,1.2,1.6
"Kwame Brown","Center",2946,1,30,11,12.2,0.459,0,0.459,0.368,3.4,0.4,0.3,0.5,0.4,1.7,1.9,8.8,0.452,9.1,100,103,0,0.4,0.4
"Darius Morris","Guard",200,1,22,17,14.2,0.388,0.364,0.402,0.649,1.2,1.6,0.4,0,0.9,1.2,4,8.1,0.475,16.2,96,110,-0.1,0.3,0.2
"James Anderson","Guard",533,3,22,2,11.8,0.379,0.279,0.443,0.75,1.5,0.8,0.2,0,0.6,0.7,3.7,8.8,0.483,17.2,97,107,0.1,0.4,0.5
"Joe Johnson","Guard",16325,6,28,76,38,0.458,0.369,0.488,0.818,4.6,4.9,1.1,0.1,1.9,1.9,21.3,19.3,0.538,26.3,112,109,6,2.4,8.4
"Deron Williams","Guard",17178,5,27,55,36.3,0.407,0.336,0.446,0.843,3.3,8.7,1.2,0.4,4,2.2,21,20.3,0.527,30.1,106,111,3.7,0.4,4.1
"Paul Pierce","Forward",13876,4,32,71,34,0.472,0.414,0.497,0.852,4.4,3.1,1.2,0.4,2.3,2.8,18.3,18.2,0.613,23.8,114,105,5,3.3,8.3
"Brook Lopez","Center",13669,4,23,5,27.2,0.494,0,0.494,0.625,3.6,1.2,0.2,0.8,1.2,1.6,19.2,21.9,0.527,32.7,107,113,0.3,0,0.3
"Kevin Garnett","Center",11566,3,35,60,31.1,0.503,0.333,0.505,0.857,8.2,2.9,0.9,1,1.8,2.4,15.8,20.4,0.55,24.9,106,94,2.6,4.3,6.9
"Jason Terry","Guard",5000,3,34,1,31.7,0.43,0.378,0.471,0.883,2.4,3.6,1.2,0.2,2,1.1,15.1,15.7,0.54,23.3,103,106,2,1.8,3.8
"Andrei Kirilenko","Forward",3183,2,31,64,31.8,0.507,0.292,0.566,0.752,5.7,2.8,1.5,1,1.9,1.3,12.4,17.6,0.59,17.4,113,104,3.4,2.6,6
"Reggie Evans","Forward",1623,3,31,0,13.8,0.472,0,0.472,0.507,4.8,0.3,0.6,0.1,0.8,2.1,1.9,9.2,0.504,8.8,101,102,0.2,1,1.3
"Andray Blatche","Center",1376,2,26,8,19,0.512,0.136,0.524,0.685,5.1,1,1,0.7,1.5,2,10.3,21.9,0.547,26.5,107,101,2.4,2.5,4.9
"Shaun Livingston","Guard",1272,1,27,16,22,0.48,0,0.485,0.867,2.4,3.3,0.7,0.5,1.2,1.9,6.3,13,0.536,14.3,109,109,1.7,0.9,2.6
"Alan Anderson","Forward",948,2,30,2,23,0.383,0.333,0.426,0.857,2.3,1.6,0.7,0.1,1.2,2,10.7,12.6,0.509,23.6,101,110,0.8,0.8,1.6
"Carmelo Anthony","Forward",19445,3,27,55,34.1,0.43,0.335,0.454,0.804,6.3,3.6,1.1,0.4,2.6,2.8,22.6,21.1,0.525,31.8,106,102,3.7,2.6,6.2
"Amar'e Stoudemire","Forward",16487,5,27,82,34.6,0.557,0.167,0.559,0.771,8.9,1,0.6,1,2.6,3.4,23.1,22.6,0.615,27.3,117,109,8.2,2.5,10.7
"Tyson Chandler","Center",13108,4,28,74,27.8,0.654,0,0.654,0.732,9.4,0.4,0.5,1.1,1.2,3.2,10.1,18.4,0.697,14.2,131,102,5.8,3.5,9.4
"Andrea Bargnani","Forward",8500,5,24,80,35,0.47,0.372,0.509,0.774,6.2,1.2,0.3,1.4,1.5,2.7,17.2,15.5,0.552,22.3,108,113,3.3,0.9,4.2
"JR Smith","Guard",5565,3,27,0,33.5,0.422,0.356,0.458,0.762,5.3,2.7,1.3,0.3,1.7,2.8,18.1,17.6,0.522,26.5,107,106,4,2.7,6.7
"Raymond Felton","Guard",3480,4,27,56,31.8,0.407,0.305,0.453,0.806,2.5,6.5,1.3,0.2,2.8,2,11.4,13.4,0.491,20.8,99,109,0.7,1,1.7
"Metta World Peace","Forward",1590,2,33,66,33.7,0.403,0.342,0.464,0.734,5,1.5,1.6,0.6,1.3,2.6,12.4,12.5,0.517,17.5,105,106,1.9,2.6,4.6
"Kenyon Martin","Center",1400,1,35,11,23.9,0.602,0,0.602,0.425,5.3,0.4,0.9,0.9,0.9,3.6,7.2,13.9,0.583,13.7,114,104,0.6,0.6,1.2
"Beno Udrih","Guard",1272,1,30,9,22.1,0.441,0.333,0.471,0.816,2.1,4.6,0.6,0,1.6,1.4,8.2,14.2,0.516,19.3,106,111,1.5,0.7,2.2
"Jeremy Tyler","Center",884,2,21,0,3.2,0.375,0,0.375,0.667,1,0,0,0.1,0.3,0.5,1,6.2,0.413,21.5,80,104,-0.2,0.1,-0.1
